Order_ID,Date,Shoe_Brand,Shoe_Type,Price,Quantity,Discount,Total_Sales,Customer_Gender,Store_Location,Payment_Mode
1,04-08-2024,Puma,Casual,3785,3,15,9651,Male,Ahmedabad,Cash
2,04-08-2024,Skechers,Formal,5587,4,10,20113,Female,Ahmedabad,UPI
3,19-07-2024,Adidas,Formal,6829,1,0,6829,Female,Pune,Wallet
4,03-08-2024,Reebok,Sports,4545,1,15,3863,Male,Bengaluru,UPI
5,01-10-2024,Adidas,Formal,6314,4,0,25256,Female,Rajkot,Wallet
6,01-11-2024,Bata,Casual,6333,4,15,21532,Female,Pune,UPI
7,07-01-2025,Reebok,Formal,6483,2,25,9724,Male,Rajkot,UPI
8,17-08-2024,Nike,Casual,6976,1,5,6627,Female,Bengaluru,Card
9,25-07-2024,Bata,Sports,2800,1,10,2520,Female,Mumbai,UPI
10,09-10-2024,Skechers,Sports,6298,4,10,22672,Male,Mumbai,Wallet
11,14-12-2024,Adidas,Casual,5894,1,20,4715,Female,Ahmedabad,Cash
12,22-08-2024,Skechers,Sports,4120,2,5,7828,Male,Pune,Cash
13,16-12-2024,Reebok,Formal,5612,4,20,17958,Female,Rajkot,Wallet
14,10-08-2024,Reebok,Sports,4882,1,20,3905,Male,Vadodara,Card
15,25-10-2024,Puma,Casual,2050,1,10,1845,Male,Vadodara,Cash
16,24-11-2024,Reebok,Casual,4542,2,0,9084,Female,Mumbai,Wallet
17,27-07-2024,Nike,Formal,4124,3,5,11753,Male,Bengaluru,Wallet
18,12-08-2024,Adidas,Sports,5562,1,20,4449,Male,Surat,Cash
19,04-01-2025,Puma,Sports,2242,3,5,6389,Male,Pune,Wallet
20,15-11-2024,Skechers,Sports,3671,5,10,16519,Male,Delhi,Wallet
21,22-10-2024,Bata,Sports,4684,3,15,11944,Female,Pune,Cash
22,01-09-2024,Woodland,Formal,5485,4,20,17552,Male,Delhi,UPI
23,17-08-2024,Bata,Casual,3256,5,20,13024,Female,Pune,Wallet
24,29-10-2024,Bata,Formal,5042,5,5,23949,Female,Mumbai,UPI
25,31-07-2024,Puma,Casual,4938,5,15,20986,Female,Delhi,Cash
26,19-07-2024,Puma,Formal,2239,5,10,10075,Male,Mumbai,UPI
27,27-12-2024,Woodland,Sports,3157,2,10,5682,Female,Delhi,Wallet
28,13-10-2024,Puma,Casual,4414,2,20,7062,Male,Rajkot,Cash
29,18-11-2024,Skechers,Formal,5164,3,5,14717,Male,Delhi,Card
30,08-01-2025,Reebok,Casual,5269,1,25,3951,Female,Delhi,Card
31,15-10-2024,Skechers,Casual,3007,4,10,10825,Female,Vadodara,Wallet
32,16-11-2024,Skechers,Formal,4887,5,20,19548,Female,Rajkot,Wallet
33,24-10-2024,Nike,Casual,4414,5,25,16552,Male,Mumbai,UPI
34,21-09-2024,Bata,Casual,3540,3,25,7965,Female,Mumbai,Cash
35,12-10-2024,Skechers,Casual,5525,2,5,10497,Female,Vadodara,Cash
36,17-12-2024,Woodland,Casual,6508,4,25,19524,Male,Delhi,Cash
37,26-12-2024,Reebok,Formal,4696,5,25,17610,Female,Surat,Card
38,01-12-2024,Adidas,Casual,6442,5,10,28989,Female,Mumbai,Cash
39,07-11-2024,Adidas,Sports,4203,1,0,4203,Male,Rajkot,Card
40,12-10-2024,Adidas,Casual,4083,1,0,4083,Male,Vadodara,Card
41,05-08-2024,Reebok,Sports,4665,5,10,20992,Female,Delhi,Cash
42,07-09-2024,Adidas,Sports,6255,2,20,10008,Female,Mumbai,Card
43,28-09-2024,Adidas,Casual,2220,2,20,3552,Male,Vadodara,Cash
44,09-09-2024,Reebok,Sports,5367,4,20,17174,Male,Rajkot,UPI
45,29-10-2024,Reebok,Casual,5729,5,10,25780,Female,Vadodara,Wallet
46,27-10-2024,Adidas,Formal,2320,4,15,7888,Male,Vadodara,Card
47,08-01-2025,Skechers,Formal,2526,5,10,11367,Female,Vadodara,UPI
48,06-09-2024,Nike,Casual,5441,5,20,21764,Male,Surat,Card
49,01-11-2024,Woodland,Casual,5382,5,5,25564,Female,Vadodara,Wallet
50,26-08-2024,Nike,Sports,5448,4,15,18523,Female,Delhi,Wallet
51,25-11-2024,Reebok,Formal,5969,4,10,21488,Female,Pune,Cash
52,30-12-2024,Adidas,Casual,3414,1,5,3243,Male,Mumbai,Wallet
53,21-07-2024,Adidas,Sports,3328,3,0,9984,Male,Ahmedabad,Wallet
54,10-08-2024,Puma,Casual,4769,5,20,19076,Female,Pune,Cash
55,09-10-2024,Nike,Formal,3422,5,0,17110,Female,Bengaluru,Cash
56,05-08-2024,Skechers,Sports,5923,3,5,16880,Female,Ahmedabad,Cash
57,04-10-2024,Woodland,Formal,3572,3,0,10716,Male,Rajkot,Cash
58,23-09-2024,Nike,Formal,4237,3,5,12075,Female,Surat,Card
59,13-11-2024,Skechers,Formal,4030,2,25,6045,Female,Rajkot,Cash
60,18-10-2024,Skechers,Formal,4736,4,20,15155,Female,Mumbai,Card
61,19-10-2024,Skechers,Sports,6183,5,10,27823,Male,Vadodara,Wallet
62,18-12-2024,Puma,Formal,3146,2,5,5977,Male,Ahmedabad,UPI
63,20-07-2024,Woodland,Sports,2354,5,10,10593,Female,Mumbai,Wallet
64,07-12-2024,Woodland,Casual,6504,4,10,23414,Male,Mumbai,Cash
65,02-01-2025,Bata,Casual,2466,2,25,3699,Male,Rajkot,Cash
66,11-09-2024,Woodland,Formal,2496,4,10,8985,Female,Delhi,Card
67,18-09-2024,Woodland,Casual,5715,2,0,11430,Female,Mumbai,UPI
68,14-12-2024,Skechers,Sports,2748,2,25,4122,Male,Ahmedabad,Card
69,27-12-2024,Woodland,Formal,2077,3,0,6231,Male,Delhi,Cash
70,03-09-2024,Reebok,Formal,5383,3,0,16149,Male,Ahmedabad,Card
71,23-07-2024,Skechers,Sports,2418,3,25,5440,Female,Ahmedabad,Card
72,09-01-2025,Bata,Formal,6267,1,5,5953,Male,Rajkot,UPI
73,16-10-2024,Nike,Formal,4718,2,25,7077,Female,Pune,Card
74,25-08-2024,Woodland,Sports,6042,3,25,13594,Male,Surat,Card
75,11-12-2024,Adidas,Casual,5336,3,10,14407,Female,Delhi,Card
76,02-01-2025,Puma,Casual,3104,2,15,5276,Male,Surat,UPI
77,08-09-2024,Bata,Casual,5670,5,10,25515,Female,Vadodara,Cash
78,03-10-2024,Woodland,Casual,6905,1,20,5524,Female,Rajkot,Cash
79,27-11-2024,Nike,Formal,3875,2,0,7750,Female,Delhi,UPI
80,25-09-2024,Puma,Sports,4537,2,5,8620,Female,Ahmedabad,UPI
81,05-01-2025,Nike,Sports,2832,2,25,4248,Male,Ahmedabad,Cash
82,22-11-2024,Adidas,Formal,4791,5,20,19164,Male,Ahmedabad,Cash
83,29-10-2024,Woodland,Casual,4468,2,10,8042,Female,Delhi,Card
84,11-09-2024,Skechers,Casual,6738,4,5,25604,Male,Vadodara,UPI
85,10-08-2024,Puma,Sports,4412,1,25,3309,Female,Rajkot,Cash
86,01-09-2024,Skechers,Sports,3951,3,5,11260,Male,Surat,Wallet
87,14-10-2024,Reebok,Casual,2998,3,15,7644,Female,Pune,Wallet
88,18-11-2024,Bata,Sports,5369,2,10,9664,Male,Delhi,Card
89,28-10-2024,Adidas,Formal,5811,4,20,18595,Male,Rajkot,Wallet
90,14-11-2024,Adidas,Casual,6191,1,15,5262,Male,Delhi,UPI
91,04-10-2024,Nike,Sports,3352,3,0,10056,Male,Rajkot,UPI
92,24-07-2024,Nike,Casual,6317,4,20,20214,Female,Delhi,Wallet
93,23-12-2024,Adidas,Sports,3979,4,20,12732,Female,Surat,UPI
94,05-12-2024,Nike,Casual,6321,1,20,5056,Female,Rajkot,Card
95,17-07-2024,Adidas,Casual,6117,3,0,18351,Female,Rajkot,UPI
96,08-08-2024,Puma,Casual,2546,3,0,7638,Female,Pune,Card
97,23-11-2024,Woodland,Sports,3684,4,10,13262,Female,Bengaluru,Card
98,23-09-2024,Adidas,Casual,2371,3,10,6401,Female,Bengaluru,Card
99,01-10-2024,Woodland,Casual,3481,2,10,6265,Female,Delhi,Wallet
100,28-10-2024,Bata,Casual,3213,1,0,3213,Female,Bengaluru,Cash
101,17-11-2024,Puma,Sports,5486,2,0,10972,Female,Surat,Card
102,20-11-2024,Skechers,Sports,4922,1,20,3937,Male,Delhi,Wallet
103,11-11-2024,Reebok,Formal,2552,5,10,11484,Male,Rajkot,Card
104,27-07-2024,Bata,Casual,3210,3,5,9148,Male,Ahmedabad,UPI
105,31-07-2024,Reebok,Sports,3520,5,20,14080,Male,Mumbai,Wallet
106,29-11-2024,Skechers,Formal,6689,5,25,25083,Female,Bengaluru,Wallet
107,16-07-2024,Adidas,Sports,2588,2,25,3882,Male,Surat,Card
108,22-12-2024,Reebok,Formal,4545,4,5,17271,Female,Bengaluru,Card
109,18-08-2024,Adidas,Sports,3303,5,20,13212,Female,Delhi,Cash
110,26-10-2024,Skechers,Formal,6432,2,5,12220,Male,Bengaluru,Card
111,02-12-2024,Adidas,Casual,3351,3,0,10053,Female,Vadodara,Wallet
112,01-11-2024,Puma,Sports,6290,4,15,21386,Male,Rajkot,Cash
113,24-11-2024,Skechers,Formal,5918,1,15,5030,Female,Surat,UPI
114,30-09-2024,Skechers,Sports,2349,4,5,8926,Male,Ahmedabad,Cash
115,28-10-2024,Reebok,Casual,5432,1,15,4617,Male,Delhi,Cash
116,23-12-2024,Adidas,Formal,6336,4,15,21542,Male,Surat,Wallet
117,31-07-2024,Nike,Sports,5413,4,0,21652,Male,Surat,UPI
118,17-11-2024,Adidas,Sports,2566,4,0,10264,Male,Surat,UPI
119,05-08-2024,Woodland,Sports,3071,3,15,7831,Male,Pune,Cash
120,10-12-2024,Skechers,Formal,5561,1,25,4170,Male,Pune,Cash
121,22-12-2024,Puma,Casual,6122,3,15,15611,Male,Vadodara,Wallet
122,22-09-2024,Nike,Formal,3968,4,25,11904,Male,Vadodara,UPI
123,17-08-2024,Adidas,Sports,3803,2,5,7225,Female,Rajkot,Cash
124,30-10-2024,Nike,Casual,6907,2,0,13814,Female,Pune,Cash
125,26-09-2024,Skechers,Casual,4202,2,20,6723,Male,Mumbai,Card
126,11-12-2024,Puma,Sports,3352,1,5,3184,Male,Vadodara,UPI
127,21-09-2024,Reebok,Sports,4729,1,10,4256,Female,Vadodara,Cash
128,24-10-2024,Reebok,Casual,6309,5,5,29967,Male,Pune,Card
129,06-11-2024,Nike,Sports,5071,3,15,12931,Female,Surat,Wallet
130,22-12-2024,Skechers,Formal,4002,4,20,12806,Female,Rajkot,UPI
131,28-07-2024,Adidas,Formal,6244,1,20,4995,Female,Surat,Wallet
132,20-09-2024,Skechers,Casual,2731,5,5,12972,Female,Ahmedabad,Card
133,09-10-2024,Bata,Casual,4397,2,0,8794,Male,Rajkot,Card
134,04-01-2025,Puma,Formal,6229,2,5,11835,Male,Ahmedabad,Card
135,05-09-2024,Adidas,Casual,2636,1,15,2240,Female,Bengaluru,UPI
136,01-12-2024,Skechers,Formal,2845,2,25,4267,Female,Rajkot,Card
137,22-12-2024,Skechers,Sports,3362,2,0,6724,Male,Mumbai,Cash
138,04-12-2024,Bata,Sports,5071,2,15,8620,Female,Delhi,UPI
139,05-12-2024,Reebok,Formal,2907,2,10,5232,Female,Bengaluru,Cash
140,29-11-2024,Reebok,Casual,2525,4,0,10100,Male,Delhi,Card
141,07-12-2024,Skechers,Casual,3591,5,25,13466,Female,Rajkot,Cash
142,11-08-2024,Puma,Formal,6514,3,5,18564,Female,Surat,Cash
143,02-08-2024,Adidas,Formal,6696,1,20,5356,Male,Pune,Card
144,20-10-2024,Woodland,Casual,4179,3,20,10029,Male,Surat,Cash
145,23-10-2024,Adidas,Sports,4861,3,10,13124,Male,Pune,Card
146,26-08-2024,Bata,Sports,4625,2,15,7862,Male,Bengaluru,UPI
147,02-01-2025,Woodland,Sports,5117,4,5,19444,Male,Pune,UPI
148,18-09-2024,Puma,Casual,5030,3,10,13581,Female,Delhi,UPI
149,20-09-2024,Skechers,Formal,6613,5,0,33065,Male,Pune,Cash
150,04-09-2024,Adidas,Sports,5918,4,25,17754,Female,Pune,UPI
151,19-10-2024,Bata,Sports,3841,2,0,7682,Male,Ahmedabad,Cash
152,31-12-2024,Nike,Casual,3689,1,25,2766,Male,Surat,Card
153,09-11-2024,Adidas,Casual,3476,3,0,10428,Male,Delhi,UPI
154,10-12-2024,Reebok,Casual,5828,2,20,9324,Female,Pune,UPI
155,26-10-2024,Reebok,Formal,6585,1,0,6585,Male,Pune,Card
156,06-12-2024,Skechers,Sports,4259,2,5,8092,Female,Delhi,Wallet
157,25-11-2024,Puma,Sports,2003,3,25,4506,Female,Vadodara,Cash
158,17-07-2024,Bata,Sports,2349,3,15,5989,Female,Ahmedabad,Cash
159,23-12-2024,Reebok,Casual,4826,5,10,21717,Female,Bengaluru,Cash
160,28-11-2024,Nike,Casual,5604,5,10,25218,Female,Delhi,Cash
161,16-11-2024,Nike,Formal,3722,2,15,6327,Male,Bengaluru,Cash
162,27-08-2024,Bata,Casual,4251,1,15,3613,Female,Bengaluru,Cash
163,09-11-2024,Nike,Sports,2159,4,25,6477,Female,Surat,UPI
164,02-08-2024,Bata,Casual,5379,4,25,16137,Female,Surat,UPI
165,10-12-2024,Woodland,Formal,6482,1,5,6157,Male,Pune,Card
166,20-12-2024,Adidas,Formal,6188,3,15,15779,Female,Delhi,Cash
167,21-07-2024,Skechers,Formal,4416,1,0,4416,Male,Pune,UPI
168,27-10-2024,Reebok,Casual,6714,1,0,6714,Female,Ahmedabad,Cash
169,29-11-2024,Woodland,Formal,5651,5,15,24016,Male,Mumbai,Wallet
170,03-08-2024,Bata,Formal,4553,5,0,22765,Female,Delhi,Wallet
171,28-07-2024,Nike,Sports,2742,4,15,9322,Male,Bengaluru,Wallet
172,14-08-2024,Woodland,Sports,6712,1,0,6712,Male,Vadodara,UPI
173,21-09-2024,Puma,Casual,5669,5,10,25510,Male,Mumbai,Wallet
174,11-12-2024,Bata,Sports,3792,3,15,9669,Male,Ahmedabad,Cash
175,29-11-2024,Skechers,Formal,4439,5,15,18865,Female,Vadodara,UPI
176,22-10-2024,Skechers,Sports,5924,4,25,17772,Male,Delhi,Cash
177,30-07-2024,Adidas,Casual,3782,2,15,6429,Female,Rajkot,Wallet
178,23-12-2024,Puma,Formal,2306,1,15,1960,Male,Pune,Cash
179,08-12-2024,Adidas,Sports,6014,5,25,22552,Male,Rajkot,Card
180,30-10-2024,Woodland,Formal,3185,5,25,11943,Female,Pune,UPI
181,26-09-2024,Reebok,Casual,4837,3,5,13785,Female,Rajkot,Card
182,09-10-2024,Reebok,Formal,5879,1,0,5879,Female,Ahmedabad,Card
183,14-12-2024,Puma,Formal,4553,3,20,10927,Female,Rajkot,Wallet
184,22-10-2024,Puma,Sports,2515,1,5,2389,Male,Pune,Card
185,08-10-2024,Nike,Casual,4802,1,0,4802,Female,Bengaluru,Cash
186,20-08-2024,Nike,Formal,3883,4,0,15532,Male,Ahmedabad,Cash
187,21-12-2024,Skechers,Casual,2754,3,25,6196,Male,Bengaluru,Card
188,25-11-2024,Adidas,Sports,4121,1,20,3296,Male,Ahmedabad,Wallet
189,03-12-2024,Skechers,Casual,3262,3,15,8318,Female,Vadodara,Wallet
190,15-11-2024,Reebok,Sports,6078,1,5,5774,Male,Surat,Wallet
191,19-07-2024,Woodland,Sports,5286,3,15,13479,Female,Delhi,Card
192,09-08-2024,Reebok,Formal,5490,4,10,19764,Male,Delhi,Wallet
193,09-09-2024,Bata,Sports,2024,2,0,4048,Male,Mumbai,UPI
194,26-07-2024,Nike,Casual,2530,2,5,4807,Female,Rajkot,Cash
195,15-11-2024,Bata,Casual,6622,4,5,25163,Female,Bengaluru,Wallet
196,31-12-2024,Puma,Sports,4565,4,15,15521,Male,Ahmedabad,Cash
197,05-10-2024,Puma,Formal,2666,5,10,11997,Male,Ahmedabad,Cash
198,18-07-2024,Adidas,Formal,3561,4,20,11395,Male,Rajkot,UPI
199,20-08-2024,Bata,Formal,6736,3,5,19197,Male,Pune,Card
200,24-08-2024,Woodland,Formal,4491,3,25,10104,Male,Ahmedabad,Cash
201,26-08-2024,Woodland,Formal,6814,3,10,18397,Female,Pune,Cash
202,20-09-2024,Reebok,Formal,4181,2,0,8362,Female,Mumbai,Cash
203,21-08-2024,Bata,Casual,4100,5,0,20500,Male,Delhi,Card
204,20-10-2024,Bata,Sports,4861,2,5,9235,Male,Vadodara,UPI
205,27-10-2024,Reebok,Formal,5873,5,5,27896,Male,Bengaluru,UPI
206,27-12-2024,Adidas,Formal,2606,1,0,2606,Male,Surat,Cash
207,03-10-2024,Bata,Formal,2260,5,0,11300,Female,Surat,UPI
208,21-10-2024,Skechers,Casual,2774,1,0,2774,Male,Delhi,UPI
209,10-01-2025,Nike,Sports,4529,2,25,6793,Male,Rajkot,UPI
210,24-12-2024,Skechers,Sports,3796,3,0,11388,Female,Delhi,Wallet
211,11-08-2024,Woodland,Sports,3582,4,20,11462,Female,Ahmedabad,Cash
212,02-09-2024,Bata,Sports,2004,2,20,3206,Female,Surat,Card
213,31-12-2024,Nike,Sports,3686,1,5,3501,Female,Pune,Card
214,07-10-2024,Skechers,Formal,6712,1,25,5034,Male,Bengaluru,Wallet
215,02-11-2024,Reebok,Sports,5572,3,20,13372,Male,Delhi,Wallet
216,28-07-2024,Puma,Formal,4728,5,25,17730,Female,Rajkot,Card
217,25-08-2024,Woodland,Sports,2900,2,10,5220,Male,Mumbai,Wallet
218,15-09-2024,Nike,Sports,6798,2,0,13596,Male,Ahmedabad,Card
219,26-07-2024,Woodland,Sports,3935,2,10,7083,Female,Delhi,Wallet
220,02-09-2024,Nike,Casual,3261,2,10,5869,Male,Pune,UPI
221,08-01-2025,Adidas,Formal,2572,1,25,1929,Female,Rajkot,Cash
222,17-12-2024,Bata,Sports,5946,5,5,28243,Male,Vadodara,Card
223,11-10-2024,Bata,Formal,4303,2,0,8606,Male,Bengaluru,Wallet
224,31-10-2024,Bata,Casual,2334,4,10,8402,Male,Mumbai,Wallet
225,07-01-2025,Skechers,Sports,4095,1,5,3890,Male,Mumbai,Cash
226,22-09-2024,Skechers,Formal,3562,4,15,12110,Female,Surat,Wallet
227,02-11-2024,Nike,Formal,6786,2,0,13572,Female,Pune,Card
228,01-08-2024,Skechers,Sports,2239,2,5,4254,Male,Surat,Wallet
229,13-09-2024,Adidas,Casual,2304,4,25,6912,Female,Delhi,Card
230,10-08-2024,Bata,Casual,5908,5,25,22155,Male,Surat,Wallet
231,05-01-2025,Puma,Sports,2271,5,10,10219,Female,Rajkot,Wallet
232,20-12-2024,Nike,Formal,6077,4,20,19446,Female,Vadodara,Wallet
233,07-09-2024,Woodland,Sports,5158,1,10,4642,Male,Surat,Cash
234,10-09-2024,Nike,Formal,3600,5,20,14400,Female,Surat,UPI
235,17-07-2024,Nike,Formal,4903,3,10,13238,Male,Vadodara,Wallet
236,27-08-2024,Adidas,Casual,3458,4,15,11757,Female,Ahmedabad,Cash
237,20-12-2024,Skechers,Sports,4934,3,25,11101,Female,Pune,Card
238,29-09-2024,Adidas,Sports,2836,3,25,6381,Female,Mumbai,Cash
239,13-10-2024,Nike,Sports,5550,5,5,26362,Female,Rajkot,Card
240,18-08-2024,Woodland,Formal,5910,2,20,9456,Female,Delhi,UPI
241,16-09-2024,Puma,Sports,6934,2,10,12481,Female,Pune,Cash
242,24-10-2024,Reebok,Casual,4795,3,5,13665,Male,Ahmedabad,Card
243,08-11-2024,Skechers,Casual,4029,4,25,12087,Female,Bengaluru,UPI
244,02-09-2024,Puma,Casual,2533,1,15,2153,Male,Bengaluru,Wallet
245,03-09-2024,Bata,Casual,6101,1,15,5185,Female,Delhi,Card
246,12-08-2024,Puma,Sports,2714,4,5,10313,Male,Pune,Cash
247,22-12-2024,Bata,Sports,4064,4,5,15443,Male,Surat,Wallet
248,18-07-2024,Bata,Casual,4951,5,15,21041,Male,Delhi,Card
249,10-08-2024,Bata,Formal,5686,4,5,21606,Male,Bengaluru,Cash
250,28-12-2024,Woodland,Sports,3016,5,20,12064,Male,Delhi,Cash
251,31-07-2024,Reebok,Formal,4189,3,25,9425,Female,Delhi,Cash
252,17-10-2024,Bata,Sports,6210,4,0,24840,Male,Pune,Card
253,17-09-2024,Bata,Sports,6391,2,25,9586,Male,Vadodara,Wallet
254,10-09-2024,Reebok,Formal,3250,3,25,7312,Male,Vadodara,Wallet
255,04-01-2025,Puma,Casual,5896,5,10,26532,Female,Rajkot,Wallet
256,28-09-2024,Puma,Sports,3093,5,10,13918,Male,Bengaluru,Cash
257,06-01-2025,Woodland,Casual,2451,1,15,2083,Female,Ahmedabad,Cash
258,31-08-2024,Reebok,Formal,4462,2,0,8924,Male,Rajkot,Cash
259,26-08-2024,Woodland,Formal,3548,1,5,3370,Female,Delhi,Cash
260,17-09-2024,Adidas,Casual,4385,4,25,13155,Male,Delhi,UPI
261,23-11-2024,Bata,Formal,4727,3,25,10635,Male,Surat,UPI
262,13-08-2024,Reebok,Formal,4839,5,15,20565,Male,Bengaluru,Card
263,11-09-2024,Reebok,Formal,4695,3,25,10563,Female,Delhi,Cash
264,28-12-2024,Woodland,Sports,2545,5,5,12088,Male,Pune,Card
265,04-01-2025,Reebok,Sports,6916,3,0,20748,Female,Delhi,Wallet
266,15-11-2024,Adidas,Sports,4016,4,20,12851,Female,Mumbai,Cash
267,18-11-2024,Nike,Formal,3188,3,0,9564,Male,Bengaluru,Cash
268,28-12-2024,Skechers,Casual,5119,5,5,24315,Female,Bengaluru,Card
269,13-12-2024,Adidas,Formal,4074,1,10,3666,Female,Rajkot,Wallet
270,20-10-2024,Reebok,Casual,5634,2,10,10141,Female,Surat,Card
271,27-12-2024,Puma,Sports,5007,5,0,25035,Female,Vadodara,Wallet
272,18-08-2024,Woodland,Sports,6323,4,25,18969,Male,Bengaluru,Wallet
273,21-09-2024,Woodland,Sports,4567,5,25,17126,Female,Vadodara,Card
274,05-01-2025,Nike,Sports,6204,2,15,10546,Male,Bengaluru,Wallet
275,05-11-2024,Reebok,Casual,4738,5,10,21321,Male,Vadodara,UPI
276,21-09-2024,Puma,Casual,2373,5,15,10085,Male,Ahmedabad,Wallet
277,08-10-2024,Nike,Casual,3244,5,20,12976,Male,Mumbai,UPI
278,15-10-2024,Bata,Formal,6432,2,5,12220,Female,Bengaluru,Card
279,14-08-2024,Skechers,Formal,2588,5,5,12293,Male,Bengaluru,Wallet
280,08-10-2024,Puma,Casual,6310,5,0,31550,Female,Vadodara,Cash
281,31-12-2024,Woodland,Casual,5347,1,15,4544,Female,Surat,UPI
282,01-08-2024,Nike,Sports,3397,4,10,12229,Male,Bengaluru,Cash
283,12-10-2024,Adidas,Casual,5257,1,5,4994,Female,Surat,Card
284,04-10-2024,Puma,Casual,5965,5,15,25351,Female,Mumbai,UPI
285,02-01-2025,Nike,Formal,4973,2,25,7459,Male,Bengaluru,Wallet
286,16-11-2024,Nike,Sports,6901,1,5,6555,Female,Surat,Wallet
287,15-07-2024,Adidas,Formal,6204,1,10,5583,Female,Vadodara,UPI
288,02-09-2024,Bata,Sports,5619,4,25,16857,Female,Delhi,Card
289,09-11-2024,Nike,Casual,2481,4,20,7939,Female,Rajkot,Wallet
290,21-07-2024,Bata,Sports,6489,5,15,27578,Male,Ahmedabad,Card
291,20-09-2024,Bata,Casual,4127,4,0,16508,Female,Rajkot,Cash
292,16-08-2024,Nike,Sports,5881,1,10,5292,Male,Bengaluru,Card
293,17-12-2024,Nike,Formal,6443,2,25,9664,Male,Pune,UPI
294,05-12-2024,Woodland,Formal,5090,5,5,24177,Male,Rajkot,Cash
295,03-09-2024,Woodland,Casual,2779,4,0,11116,Male,Vadodara,Card
296,28-08-2024,Woodland,Sports,3111,5,20,12444,Male,Mumbai,Card
297,20-08-2024,Bata,Casual,6217,2,15,10568,Female,Bengaluru,Wallet
298,29-08-2024,Woodland,Sports,6533,3,0,19599,Male,Ahmedabad,UPI
299,27-11-2024,Puma,Formal,5591,1,10,5031,Female,Delhi,Card
300,19-07-2024,Woodland,Sports,4369,1,15,3713,Female,Bengaluru,Wallet
301,24-10-2024,Nike,Casual,3903,3,25,8781,Male,Surat,Wallet
302,07-08-2024,Reebok,Sports,2711,1,15,2304,Female,Bengaluru,Card
303,01-08-2024,Adidas,Formal,6097,1,10,5487,Female,Mumbai,UPI
304,08-10-2024,Puma,Casual,5564,5,25,20865,Male,Mumbai,Cash
305,20-12-2024,Bata,Casual,2908,3,15,7415,Male,Vadodara,Wallet
306,24-10-2024,Skechers,Sports,6059,2,5,11512,Female,Ahmedabad,Cash
307,14-08-2024,Bata,Casual,5132,2,0,10264,Male,Surat,UPI
308,27-11-2024,Puma,Formal,2451,5,5,11642,Male,Rajkot,UPI
309,05-12-2024,Nike,Casual,6794,2,0,13588,Male,Pune,Card
310,18-08-2024,Woodland,Casual,5368,5,10,24156,Male,Pune,Card
311,20-09-2024,Puma,Casual,5805,1,0,5805,Female,Bengaluru,Card
312,06-09-2024,Puma,Casual,3717,2,5,7062,Female,Bengaluru,Wallet
313,15-10-2024,Woodland,Formal,4484,4,5,17039,Male,Vadodara,Wallet
314,06-12-2024,Woodland,Casual,6935,4,25,20805,Female,Surat,Card
315,09-09-2024,Bata,Casual,3652,1,15,3104,Male,Vadodara,Cash
316,24-08-2024,Adidas,Casual,4565,1,5,4336,Male,Pune,Cash
317,22-07-2024,Skechers,Casual,3793,1,25,2844,Male,Ahmedabad,Wallet
318,17-08-2024,Nike,Sports,5257,3,25,11828,Female,Ahmedabad,Wallet
319,16-08-2024,Adidas,Sports,2592,3,0,7776,Male,Rajkot,Card
320,29-07-2024,Reebok,Formal,6971,1,10,6273,Female,Vadodara,Card
321,17-11-2024,Bata,Formal,6066,5,15,25780,Female,Rajkot,UPI
322,02-09-2024,Reebok,Casual,4155,2,20,6648,Female,Vadodara,Cash
323,03-12-2024,Nike,Casual,2161,4,5,8211,Male,Surat,UPI
324,07-12-2024,Nike,Formal,4501,3,5,12827,Female,Pune,Wallet
325,10-01-2025,Puma,Formal,2868,4,25,8604,Male,Vadodara,Wallet
326,09-09-2024,Reebok,Formal,6829,5,25,25608,Male,Delhi,Card
327,08-12-2024,Nike,Sports,3115,4,25,9345,Female,Mumbai,Cash
328,23-12-2024,Adidas,Sports,2417,4,25,7251,Female,Rajkot,Card
329,24-08-2024,Puma,Casual,5501,3,10,14852,Female,Surat,Card
330,28-09-2024,Woodland,Casual,3124,3,10,8434,Male,Surat,Card
331,23-12-2024,Puma,Casual,3368,1,20,2694,Female,Rajkot,Wallet
332,01-08-2024,Nike,Casual,5582,3,10,15071,Male,Delhi,Card
333,19-11-2024,Woodland,Sports,4812,5,10,21654,Female,Surat,UPI
334,06-01-2025,Bata,Sports,5777,5,5,27440,Female,Bengaluru,Card
335,16-08-2024,Woodland,Formal,3992,4,15,13572,Male,Bengaluru,UPI
336,02-09-2024,Skechers,Sports,2615,3,5,7452,Female,Bengaluru,Wallet
337,25-10-2024,Nike,Casual,5248,2,0,10496,Female,Mumbai,Card
338,22-11-2024,Puma,Formal,5773,4,20,18473,Female,Ahmedabad,Wallet
339,26-09-2024,Puma,Casual,6649,5,0,33245,Female,Vadodara,UPI
340,27-09-2024,Puma,Formal,4240,3,0,12720,Male,Ahmedabad,Cash
341,07-12-2024,Puma,Casual,5509,2,5,10467,Male,Mumbai,Wallet
342,25-09-2024,Skechers,Formal,6731,1,5,6394,Female,Surat,Card
343,18-12-2024,Reebok,Formal,2877,1,10,2589,Female,Delhi,Cash
344,25-12-2024,Reebok,Casual,6368,5,10,28656,Male,Vadodara,Wallet
345,10-09-2024,Skechers,Casual,3718,2,5,7064,Female,Pune,Cash
346,23-11-2024,Nike,Formal,2409,5,25,9033,Female,Mumbai,Card
347,25-09-2024,Bata,Casual,6211,5,15,26396,Male,Surat,Card
348,24-11-2024,Bata,Casual,4995,1,10,4495,Male,Mumbai,UPI
349,18-07-2024,Puma,Casual,3741,3,25,8417,Female,Mumbai,Wallet
350,26-10-2024,Reebok,Sports,5550,5,5,26362,Female,Mumbai,Wallet
351,03-01-2025,Puma,Sports,2662,1,20,2129,Male,Delhi,UPI
352,30-09-2024,Nike,Casual,5315,5,5,25246,Female,Pune,Card
353,29-10-2024,Woodland,Casual,5763,4,10,20746,Female,Vadodara,UPI
354,06-12-2024,Woodland,Formal,5793,4,20,18537,Female,Mumbai,Wallet
355,08-12-2024,Puma,Sports,6289,3,5,17923,Female,Vadodara,Card
356,15-10-2024,Woodland,Formal,5855,1,10,5269,Female,Pune,Cash
357,14-10-2024,Puma,Sports,2003,3,0,6009,Female,Bengaluru,UPI
358,15-11-2024,Woodland,Sports,6786,5,10,30537,Female,Rajkot,Wallet
359,04-09-2024,Puma,Sports,6643,3,10,17936,Female,Vadodara,Wallet
360,20-10-2024,Puma,Casual,2615,2,10,4707,Male,Bengaluru,Wallet
361,06-01-2025,Nike,Casual,5160,4,20,16512,Male,Vadodara,Cash
362,12-11-2024,Puma,Formal,2837,5,25,10638,Male,Rajkot,Card
363,26-09-2024,Adidas,Casual,3564,1,0,3564,Female,Rajkot,Cash
364,19-08-2024,Bata,Formal,2586,5,25,9697,Female,Rajkot,Card
365,01-12-2024,Skechers,Sports,3402,2,10,6123,Male,Mumbai,Card
366,22-09-2024,Nike,Casual,5635,1,5,5353,Female,Rajkot,Wallet
367,25-11-2024,Skechers,Sports,2830,4,20,9056,Female,Delhi,Card
368,01-10-2024,Puma,Formal,6056,3,5,17259,Male,Vadodara,UPI
369,19-07-2024,Nike,Formal,3392,5,25,12720,Female,Mumbai,Cash
370,06-01-2025,Skechers,Casual,3037,4,0,12148,Female,Rajkot,Wallet
371,29-09-2024,Nike,Sports,2893,3,5,8245,Male,Mumbai,Wallet
372,25-07-2024,Skechers,Sports,4342,4,15,14762,Female,Bengaluru,Cash
373,21-12-2024,Puma,Casual,6084,3,15,15514,Male,Mumbai,Cash
374,21-07-2024,Bata,Formal,3664,4,25,10992,Male,Rajkot,Wallet
375,07-09-2024,Bata,Formal,5531,3,0,16593,Female,Pune,Wallet
376,07-11-2024,Bata,Casual,6655,2,0,13310,Male,Surat,Wallet
377,20-07-2024,Bata,Sports,5783,3,15,14746,Female,Pune,UPI
378,29-09-2024,Adidas,Formal,2689,2,25,4033,Male,Delhi,UPI
379,28-07-2024,Reebok,Casual,5714,4,15,19427,Male,Ahmedabad,UPI
380,03-09-2024,Woodland,Sports,4059,5,10,18265,Female,Vadodara,Cash
381,14-07-2024,Reebok,Sports,6102,4,10,21967,Male,Pune,Wallet
382,27-11-2024,Skechers,Sports,2452,2,0,4904,Male,Vadodara,Wallet
383,30-10-2024,Nike,Sports,4935,1,15,4194,Female,Surat,Cash
384,30-08-2024,Adidas,Formal,3215,4,15,10931,Male,Ahmedabad,UPI
385,11-08-2024,Adidas,Sports,5672,1,15,4821,Male,Surat,UPI
386,22-08-2024,Nike,Casual,6730,4,20,21536,Male,Surat,UPI
387,07-10-2024,Bata,Formal,5712,2,5,10852,Female,Mumbai,Card
388,19-09-2024,Woodland,Formal,4062,4,25,12186,Female,Vadodara,Cash
389,17-12-2024,Skechers,Formal,4909,4,10,17672,Female,Pune,Card
390,03-08-2024,Skechers,Sports,6554,1,10,5898,Female,Delhi,UPI
391,28-12-2024,Adidas,Casual,3768,1,0,3768,Male,Surat,Card
392,10-08-2024,Nike,Formal,5118,3,10,13818,Female,Mumbai,Card
393,27-11-2024,Nike,Casual,6678,2,25,10017,Female,Bengaluru,Wallet
394,20-08-2024,Puma,Casual,4505,2,10,8109,Male,Pune,Wallet
395,24-11-2024,Woodland,Sports,2307,3,20,5536,Female,Surat,Wallet
396,04-09-2024,Puma,Sports,4479,3,25,10077,Male,Rajkot,Wallet
397,29-08-2024,Nike,Sports,3562,2,0,7124,Female,Rajkot,Cash
398,09-12-2024,Puma,Sports,2064,4,25,6192,Male,Pune,UPI
399,14-11-2024,Reebok,Sports,5502,2,20,8803,Male,Delhi,UPI
400,18-09-2024,Reebok,Casual,5916,2,5,11240,Female,Rajkot,UPI
401,17-09-2024,Woodland,Formal,2231,3,25,5019,Female,Rajkot,Card
402,11-10-2024,Nike,Casual,5630,1,20,4504,Male,Delhi,Card
403,27-12-2024,Adidas,Casual,5174,1,0,5174,Female,Mumbai,UPI
404,07-08-2024,Woodland,Formal,3647,2,20,5835,Male,Vadodara,Card
405,14-10-2024,Adidas,Sports,6049,3,5,17239,Female,Pune,UPI
406,14-08-2024,Reebok,Casual,5387,1,20,4309,Female,Mumbai,Wallet
407,13-09-2024,Bata,Casual,5054,5,0,25270,Male,Rajkot,Card
408,03-09-2024,Reebok,Formal,6295,4,20,20144,Male,Ahmedabad,Cash
409,11-10-2024,Adidas,Casual,2732,4,5,10381,Female,Vadodara,Wallet
410,13-09-2024,Adidas,Casual,3669,2,10,6604,Female,Pune,Wallet
411,13-12-2024,Skechers,Sports,5595,3,10,15106,Female,Ahmedabad,Card
412,04-10-2024,Skechers,Casual,5511,5,5,26177,Female,Delhi,Wallet
413,28-07-2024,Adidas,Casual,5829,5,15,24773,Male,Pune,Card
414,25-10-2024,Puma,Formal,6689,4,20,21404,Male,Pune,Cash
415,16-10-2024,Nike,Sports,5650,1,5,5367,Female,Ahmedabad,Cash
416,26-12-2024,Skechers,Casual,2866,4,5,10890,Male,Rajkot,Wallet
417,21-10-2024,Skechers,Casual,6465,2,15,10990,Female,Surat,Wallet
418,19-09-2024,Bata,Sports,6913,1,5,6567,Female,Vadodara,Card
419,06-01-2025,Woodland,Formal,2832,4,20,9062,Male,Mumbai,Card
420,23-09-2024,Skechers,Formal,6320,5,0,31600,Female,Mumbai,UPI
421,06-10-2024,Puma,Sports,6932,5,10,31194,Female,Delhi,Wallet
422,04-12-2024,Reebok,Formal,5303,4,20,16969,Female,Pune,Cash
423,14-12-2024,Puma,Sports,5022,4,15,17074,Male,Mumbai,Cash
424,16-07-2024,Skechers,Formal,6625,3,15,16893,Male,Vadodara,UPI
425,13-08-2024,Skechers,Sports,3769,5,0,18845,Male,Mumbai,Card
426,21-08-2024,Reebok,Sports,4404,1,5,4183,Male,Vadodara,Cash
427,08-12-2024,Puma,Formal,3211,3,20,7706,Male,Ahmedabad,Cash
428,31-10-2024,Woodland,Casual,5245,2,0,10490,Male,Vadodara,UPI
429,07-09-2024,Woodland,Casual,4552,3,15,11607,Female,Bengaluru,Cash
430,06-09-2024,Puma,Formal,3917,5,25,14688,Male,Bengaluru,Cash
431,15-12-2024,Reebok,Sports,5247,2,20,8395,Female,Pune,Card
432,18-08-2024,Adidas,Formal,2129,3,20,5109,Female,Ahmedabad,UPI
433,26-09-2024,Puma,Casual,6435,2,10,11583,Female,Rajkot,Card
434,10-08-2024,Puma,Casual,4863,5,5,23099,Female,Delhi,UPI
435,18-11-2024,Puma,Formal,3669,2,15,6237,Female,Bengaluru,Card
436,09-10-2024,Reebok,Sports,5080,4,10,18288,Male,Vadodara,Wallet
437,16-07-2024,Bata,Formal,6548,3,0,19644,Female,Vadodara,UPI
438,02-10-2024,Bata,Formal,6331,3,5,18043,Female,Mumbai,Cash
439,30-12-2024,Nike,Formal,2834,2,0,5668,Male,Delhi,UPI
440,08-11-2024,Puma,Casual,6089,2,20,9742,Female,Surat,Card
441,10-11-2024,Adidas,Sports,3821,1,10,3438,Male,Rajkot,Cash
442,09-11-2024,Puma,Casual,4808,2,0,9616,Male,Rajkot,UPI
443,19-12-2024,Bata,Sports,5889,5,25,22083,Female,Delhi,UPI
444,25-08-2024,Adidas,Casual,4924,2,25,7386,Male,Vadodara,Card
445,14-08-2024,Adidas,Formal,2705,2,5,5139,Female,Pune,Wallet
446,03-09-2024,Skechers,Sports,4380,4,20,14016,Female,Surat,Wallet
447,13-08-2024,Puma,Formal,3592,3,15,9159,Female,Mumbai,UPI
448,01-11-2024,Reebok,Formal,2460,2,10,4428,Female,Rajkot,Cash
449,25-08-2024,Bata,Casual,4989,2,5,9479,Male,Pune,Card
450,06-09-2024,Adidas,Sports,3506,4,0,14024,Female,Pune,Cash
451,21-12-2024,Woodland,Casual,3711,2,15,6308,Male,Bengaluru,Cash
452,25-10-2024,Bata,Casual,4405,1,25,3303,Female,Vadodara,Card
453,17-08-2024,Adidas,Sports,3373,3,20,8095,Female,Ahmedabad,Card
454,10-11-2024,Nike,Casual,3533,5,15,15015,Female,Surat,Cash
455,20-08-2024,Reebok,Formal,3502,5,25,13132,Male,Mumbai,Cash
456,29-12-2024,Nike,Formal,4369,4,25,13107,Female,Bengaluru,Wallet
457,10-10-2024,Nike,Casual,3999,1,15,3399,Male,Pune,UPI
458,01-08-2024,Nike,Formal,5491,2,20,8785,Female,Rajkot,UPI
459,01-09-2024,Adidas,Formal,6407,2,25,9610,Male,Surat,UPI
460,09-09-2024,Skechers,Casual,6691,3,25,15054,Female,Ahmedabad,Wallet
461,02-10-2024,Skechers,Sports,5138,2,20,8220,Male,Bengaluru,UPI
462,04-01-2025,Nike,Casual,3227,5,0,16135,Male,Bengaluru,UPI
463,01-08-2024,Adidas,Casual,6357,2,5,12078,Female,Mumbai,UPI
464,06-12-2024,Nike,Sports,3726,5,0,18630,Female,Vadodara,Card
465,17-12-2024,Bata,Formal,4456,1,20,3564,Male,Ahmedabad,Wallet
466,16-08-2024,Puma,Casual,6107,5,0,30535,Female,Mumbai,Card
467,04-10-2024,Bata,Formal,5808,1,20,4646,Female,Ahmedabad,Wallet
468,26-10-2024,Nike,Formal,6135,5,15,26073,Female,Mumbai,Cash
469,09-09-2024,Puma,Sports,3920,4,0,15680,Male,Delhi,Cash
470,24-12-2024,Reebok,Casual,4721,4,15,16051,Female,Mumbai,Wallet
471,22-10-2024,Skechers,Sports,2405,5,20,9620,Male,Bengaluru,UPI
472,30-08-2024,Puma,Formal,5831,4,25,17493,Male,Surat,Wallet
473,19-10-2024,Skechers,Formal,2212,3,10,5972,Male,Vadodara,Wallet
474,23-07-2024,Skechers,Formal,5042,4,20,16134,Male,Rajkot,UPI
475,13-12-2024,Bata,Formal,5871,3,0,17613,Female,Bengaluru,UPI
476,11-10-2024,Skechers,Sports,4178,4,25,12534,Male,Surat,Cash
477,09-11-2024,Puma,Sports,2819,2,15,4792,Female,Ahmedabad,Cash
478,22-12-2024,Puma,Sports,3557,3,0,10671,Male,Ahmedabad,Cash
479,01-11-2024,Reebok,Sports,2783,5,20,11132,Male,Rajkot,Card
480,14-07-2024,Nike,Casual,2548,3,15,6497,Male,Delhi,Card
481,01-10-2024,Bata,Formal,5990,3,10,16173,Female,Vadodara,Cash
482,30-11-2024,Reebok,Formal,2652,5,10,11934,Female,Ahmedabad,UPI
483,18-10-2024,Nike,Casual,3893,2,20,6228,Female,Mumbai,Cash
484,21-10-2024,Puma,Sports,6795,3,5,19365,Female,Delhi,Cash
485,30-11-2024,Reebok,Formal,2925,4,20,9360,Male,Mumbai,Wallet
486,16-12-2024,Adidas,Sports,2053,3,0,6159,Male,Ahmedabad,Cash
487,21-07-2024,Woodland,Sports,2930,4,15,9962,Female,Surat,Cash
488,04-12-2024,Bata,Sports,2845,2,5,5405,Male,Rajkot,Wallet
489,01-11-2024,Woodland,Sports,2303,2,10,4145,Male,Vadodara,Card
490,18-12-2024,Adidas,Sports,4171,5,10,18769,Male,Ahmedabad,Card
491,09-11-2024,Bata,Formal,6848,3,25,15408,Male,Mumbai,Wallet
492,16-11-2024,Nike,Casual,2385,3,25,5366,Male,Surat,Cash
493,19-11-2024,Woodland,Formal,3336,2,5,6338,Female,Bengaluru,Cash
494,08-12-2024,Reebok,Casual,6524,4,15,22181,Male,Bengaluru,Cash
495,25-08-2024,Bata,Sports,2576,2,15,4379,Male,Pune,Card
496,08-11-2024,Nike,Sports,6124,3,0,18372,Female,Mumbai,UPI
497,12-10-2024,Adidas,Formal,4421,4,15,15031,Male,Bengaluru,Cash
498,06-11-2024,Reebok,Sports,3040,4,15,10336,Male,Rajkot,Wallet
499,05-08-2024,Nike,Formal,2921,3,0,8763,Female,Pune,Cash
500,10-09-2024,Nike,Sports,6254,5,10,28143,Female,Vadodara,Wallet
501,04-09-2024,Reebok,Casual,2055,1,10,1849,Female,Vadodara,Cash
502,11-09-2024,Bata,Casual,6500,2,15,11050,Female,Delhi,Cash
503,26-09-2024,Nike,Formal,6732,3,15,17166,Female,Mumbai,UPI
504,10-12-2024,Puma,Casual,3016,5,5,14326,Male,Pune,Card
505,24-12-2024,Puma,Casual,4225,5,10,19012,Male,Surat,Cash
506,07-01-2025,Woodland,Formal,4193,5,15,17820,Male,Mumbai,Card
507,29-07-2024,Nike,Formal,4886,2,15,8306,Female,Rajkot,UPI
508,14-12-2024,Nike,Sports,4198,4,25,12594,Male,Mumbai,UPI
509,25-09-2024,Nike,Sports,4277,5,25,16038,Female,Bengaluru,UPI
510,06-08-2024,Reebok,Casual,6340,4,0,25360,Female,Bengaluru,Wallet
511,23-10-2024,Puma,Casual,2571,4,5,9769,Male,Bengaluru,Cash
512,13-09-2024,Bata,Sports,3807,4,10,13705,Female,Rajkot,Cash
513,30-09-2024,Skechers,Sports,3341,2,5,6347,Male,Bengaluru,Wallet
514,17-07-2024,Nike,Formal,2634,4,20,8428,Male,Rajkot,Card
515,29-12-2024,Puma,Casual,6166,3,5,17573,Male,Vadodara,Wallet
516,03-12-2024,Skechers,Casual,3691,4,0,14764,Female,Mumbai,Wallet
517,19-09-2024,Skechers,Sports,4483,1,15,3810,Male,Pune,Wallet
518,06-08-2024,Reebok,Sports,2184,4,0,8736,Female,Rajkot,Cash
519,01-09-2024,Reebok,Formal,4406,5,15,18725,Female,Rajkot,Card
520,17-09-2024,Bata,Casual,4628,1,25,3471,Male,Rajkot,Cash
521,09-08-2024,Adidas,Casual,2425,2,0,4850,Male,Pune,Cash
522,19-10-2024,Bata,Formal,6317,4,0,25268,Female,Bengaluru,Cash
523,26-08-2024,Woodland,Formal,5308,5,15,22559,Male,Bengaluru,Wallet
524,10-01-2025,Adidas,Casual,5267,2,5,10007,Male,Surat,UPI
525,24-12-2024,Nike,Casual,3017,4,20,9654,Female,Ahmedabad,Card
526,18-12-2024,Bata,Casual,4672,4,0,18688,Male,Pune,UPI
527,07-10-2024,Nike,Sports,4132,1,25,3099,Female,Surat,Wallet
528,21-07-2024,Puma,Casual,6841,1,20,5472,Male,Mumbai,Card
529,13-12-2024,Skechers,Formal,3317,2,15,5638,Female,Ahmedabad,UPI
530,10-12-2024,Nike,Sports,6932,2,15,11784,Male,Vadodara,UPI
531,18-07-2024,Reebok,Sports,6180,2,15,10506,Male,Bengaluru,Card
532,13-11-2024,Bata,Formal,3487,1,0,3487,Female,Pune,UPI
533,09-01-2025,Nike,Formal,2691,4,5,10225,Male,Rajkot,Wallet
534,12-10-2024,Reebok,Casual,5392,5,15,22916,Male,Rajkot,Wallet
535,05-10-2024,Woodland,Sports,2387,2,5,4535,Female,Surat,Card
536,12-11-2024,Woodland,Formal,3918,4,5,14888,Male,Rajkot,UPI
537,19-07-2024,Woodland,Formal,5497,3,20,13192,Female,Rajkot,UPI
538,02-10-2024,Reebok,Casual,3142,4,10,11311,Male,Rajkot,Card
539,05-12-2024,Nike,Sports,4037,1,20,3229,Male,Bengaluru,Wallet
540,23-07-2024,Adidas,Formal,4227,4,0,16908,Male,Vadodara,Cash
541,15-10-2024,Puma,Casual,3684,1,5,3499,Female,Mumbai,Cash
542,22-12-2024,Skechers,Sports,3633,1,10,3269,Female,Bengaluru,UPI
543,10-10-2024,Adidas,Sports,4949,4,10,17816,Female,Bengaluru,Wallet
544,08-01-2025,Adidas,Formal,6082,5,15,25848,Male,Bengaluru,Wallet
545,30-09-2024,Puma,Casual,3341,4,5,12695,Male,Delhi,Card
546,03-12-2024,Bata,Casual,5606,4,15,19060,Male,Mumbai,Cash
547,09-01-2025,Bata,Sports,2421,4,20,7747,Male,Ahmedabad,Cash
548,28-11-2024,Adidas,Sports,3208,3,20,7699,Female,Delhi,UPI
549,02-11-2024,Puma,Formal,6149,4,15,20906,Female,Mumbai,UPI
550,25-10-2024,Puma,Formal,2738,5,0,13690,Male,Surat,Card
551,14-09-2024,Adidas,Casual,4443,5,25,16661,Female,Vadodara,UPI
552,18-09-2024,Woodland,Casual,5699,1,0,5699,Male,Mumbai,Cash
553,15-09-2024,Skechers,Casual,5966,1,15,5071,Female,Mumbai,UPI
554,07-11-2024,Adidas,Formal,3675,2,20,5880,Male,Rajkot,Wallet
555,14-12-2024,Puma,Casual,2926,2,20,4681,Male,Bengaluru,Cash
556,14-10-2024,Reebok,Casual,3494,1,25,2620,Male,Surat,UPI
557,26-07-2024,Adidas,Formal,6455,4,20,20656,Male,Mumbai,UPI
558,04-11-2024,Adidas,Casual,4971,1,25,3728,Female,Bengaluru,UPI
559,03-09-2024,Skechers,Sports,2725,3,5,7766,Male,Bengaluru,Card
560,19-08-2024,Woodland,Formal,2333,1,5,2216,Female,Vadodara,Card
561,05-08-2024,Reebok,Sports,2659,2,15,4520,Female,Surat,Card
562,08-08-2024,Adidas,Casual,3759,2,0,7518,Female,Rajkot,Card
563,21-11-2024,Woodland,Casual,4940,1,25,3705,Female,Mumbai,Wallet
564,14-11-2024,Puma,Formal,2847,2,10,5124,Female,Rajkot,Wallet
565,16-12-2024,Adidas,Casual,2405,2,10,4329,Female,Surat,Card
566,18-11-2024,Adidas,Sports,5390,2,10,9702,Female,Ahmedabad,Cash
567,08-10-2024,Reebok,Formal,3983,3,5,11351,Male,Surat,UPI
568,28-10-2024,Skechers,Casual,6423,1,15,5459,Male,Vadodara,UPI
569,08-11-2024,Nike,Formal,6301,5,20,25204,Male,Bengaluru,UPI
570,08-09-2024,Skechers,Formal,5148,3,15,13127,Male,Ahmedabad,Cash
571,15-09-2024,Bata,Sports,2969,1,5,2820,Male,Surat,Cash
572,22-08-2024,Adidas,Formal,3784,3,20,9081,Female,Ahmedabad,Wallet
573,20-09-2024,Nike,Sports,3189,3,20,7653,Female,Bengaluru,Cash
574,03-09-2024,Reebok,Casual,3214,2,10,5785,Male,Ahmedabad,Wallet
575,04-11-2024,Skechers,Sports,4016,2,15,6827,Female,Ahmedabad,Wallet
576,18-10-2024,Skechers,Sports,3379,1,10,3041,Male,Delhi,Wallet
577,17-12-2024,Puma,Casual,2283,5,20,9132,Male,Rajkot,Cash
578,28-10-2024,Skechers,Formal,3517,2,0,7034,Male,Ahmedabad,Wallet
579,07-09-2024,Skechers,Casual,3209,5,0,16045,Male,Mumbai,UPI
580,29-12-2024,Puma,Casual,2971,2,5,5644,Male,Pune,UPI
581,06-10-2024,Reebok,Casual,3328,3,25,7488,Male,Vadodara,Cash
582,03-10-2024,Adidas,Casual,3755,5,15,15958,Male,Bengaluru,Cash
583,02-08-2024,Skechers,Casual,5601,1,10,5040,Female,Delhi,Card
584,29-11-2024,Skechers,Sports,3073,3,10,8297,Female,Mumbai,Cash
585,05-12-2024,Reebok,Sports,3471,1,5,3297,Female,Pune,Cash
586,16-10-2024,Reebok,Sports,5820,4,0,23280,Female,Bengaluru,Cash
587,09-11-2024,Skechers,Sports,4928,2,20,7884,Female,Ahmedabad,Wallet
588,14-11-2024,Reebok,Sports,5141,5,20,20564,Female,Ahmedabad,Wallet
589,01-11-2024,Puma,Sports,4650,5,20,18600,Male,Vadodara,UPI
590,20-10-2024,Puma,Formal,2504,2,10,4507,Male,Pune,Card
591,25-12-2024,Woodland,Sports,5003,4,10,18010,Male,Pune,Card
592,26-07-2024,Woodland,Casual,4998,1,5,4748,Male,Surat,UPI
593,25-10-2024,Woodland,Casual,4044,2,15,6874,Male,Mumbai,Cash
594,30-08-2024,Woodland,Casual,6313,3,15,16098,Male,Vadodara,UPI
595,09-09-2024,Reebok,Casual,6470,2,20,10352,Male,Bengaluru,Cash
596,24-11-2024,Adidas,Sports,4430,5,20,17720,Female,Vadodara,Cash
597,02-10-2024,Reebok,Formal,2888,1,15,2454,Female,Delhi,Wallet
598,06-12-2024,Reebok,Formal,6961,5,20,27844,Male,Ahmedabad,Cash
599,25-09-2024,Puma,Casual,6047,1,0,6047,Male,Delhi,Cash
600,11-12-2024,Woodland,Sports,4860,4,15,16524,Female,Vadodara,Cash
601,06-12-2024,Reebok,Sports,5620,5,15,23885,Male,Vadodara,Wallet
602,17-11-2024,Reebok,Formal,3651,2,0,7302,Female,Surat,Card
603,02-09-2024,Skechers,Formal,5533,1,20,4426,Male,Surat,Card
604,22-12-2024,Bata,Formal,4187,5,20,16748,Male,Pune,Wallet
605,28-07-2024,Bata,Sports,6672,3,10,18014,Female,Pune,Card
606,24-12-2024,Puma,Casual,5417,5,25,20313,Female,Delhi,Cash
607,25-09-2024,Reebok,Sports,3238,2,15,5504,Female,Bengaluru,Card
608,01-12-2024,Woodland,Formal,2834,5,20,11336,Male,Bengaluru,UPI
609,07-10-2024,Puma,Formal,6802,2,20,10883,Male,Surat,UPI
610,04-10-2024,Bata,Formal,2006,5,5,9528,Female,Ahmedabad,Wallet
611,22-11-2024,Bata,Sports,4422,2,15,7517,Female,Mumbai,UPI
612,25-11-2024,Bata,Casual,6980,3,15,17799,Female,Delhi,Card
613,28-07-2024,Adidas,Sports,3273,1,10,2945,Male,Ahmedabad,Cash
614,14-08-2024,Woodland,Casual,5779,1,20,4623,Male,Delhi,Cash
615,19-07-2024,Nike,Sports,6046,1,20,4836,Male,Bengaluru,Cash
616,05-10-2024,Bata,Sports,4777,5,5,22690,Male,Bengaluru,UPI
617,26-08-2024,Woodland,Sports,3481,2,25,5221,Female,Ahmedabad,Card
618,25-11-2024,Bata,Formal,4360,4,15,14824,Female,Surat,Cash
619,03-11-2024,Adidas,Sports,3280,4,5,12464,Female,Surat,Wallet
620,15-08-2024,Bata,Casual,3244,1,5,3081,Male,Surat,Cash
621,21-08-2024,Bata,Sports,2611,3,20,6266,Male,Surat,Cash
622,03-10-2024,Reebok,Sports,5268,1,25,3951,Male,Mumbai,Wallet
623,01-09-2024,Skechers,Casual,4461,1,5,4237,Female,Pune,Card
624,14-10-2024,Bata,Casual,4871,1,0,4871,Female,Mumbai,UPI
625,07-10-2024,Puma,Casual,4314,5,15,18334,Female,Pune,Card
626,12-12-2024,Skechers,Formal,4555,3,15,11615,Female,Ahmedabad,Cash
627,09-11-2024,Reebok,Formal,5732,4,10,20635,Male,Rajkot,Cash
628,05-09-2024,Bata,Sports,4509,2,10,8116,Female,Rajkot,Card
629,03-08-2024,Bata,Casual,2467,3,15,6290,Female,Ahmedabad,UPI
630,03-09-2024,Woodland,Sports,4785,1,15,4067,Female,Surat,Card
631,07-10-2024,Skechers,Sports,5546,1,20,4436,Female,Delhi,Wallet
632,22-09-2024,Adidas,Sports,6570,4,15,22338,Female,Delhi,Card
633,03-12-2024,Adidas,Casual,2514,4,10,9050,Male,Vadodara,UPI
634,30-12-2024,Puma,Formal,2157,5,25,8088,Male,Mumbai,Cash
635,07-09-2024,Bata,Casual,4707,3,0,14121,Female,Bengaluru,UPI
636,01-01-2025,Adidas,Formal,6245,1,0,6245,Male,Rajkot,Cash
637,12-12-2024,Bata,Formal,4031,1,20,3224,Female,Rajkot,Card
638,19-11-2024,Adidas,Formal,3866,4,0,15464,Male,Pune,Cash
639,22-07-2024,Reebok,Sports,5393,3,5,15370,Female,Rajkot,Wallet
640,02-08-2024,Skechers,Formal,2170,5,10,9765,Male,Delhi,Card
641,04-11-2024,Skechers,Casual,6828,5,25,25605,Male,Surat,UPI
642,08-09-2024,Adidas,Formal,4320,5,10,19440,Female,Ahmedabad,Wallet
643,01-01-2025,Reebok,Sports,3611,5,10,16249,Female,Surat,Wallet
644,23-12-2024,Woodland,Casual,6474,4,5,24601,Male,Pune,UPI
645,19-09-2024,Bata,Sports,2675,5,0,13375,Female,Pune,Wallet
646,01-01-2025,Bata,Sports,5215,3,25,11733,Male,Mumbai,Wallet
647,18-08-2024,Reebok,Formal,2843,4,10,10234,Female,Mumbai,Cash
648,17-11-2024,Skechers,Sports,5327,3,5,15181,Female,Bengaluru,UPI
649,21-12-2024,Bata,Casual,6196,2,0,12392,Female,Rajkot,Card
650,14-10-2024,Puma,Formal,6597,1,10,5937,Female,Delhi,Card
651,30-08-2024,Puma,Casual,5140,1,0,5140,Female,Bengaluru,Cash
652,20-09-2024,Woodland,Formal,2017,1,25,1512,Female,Rajkot,Wallet
653,02-08-2024,Woodland,Casual,5628,4,25,16884,Female,Bengaluru,Cash
654,06-12-2024,Skechers,Formal,6186,3,10,16702,Female,Delhi,Cash
655,27-07-2024,Woodland,Casual,6481,2,0,12962,Female,Mumbai,Wallet
656,23-12-2024,Nike,Sports,3297,2,25,4945,Female,Vadodara,Card
657,16-07-2024,Nike,Sports,3222,4,15,10954,Male,Bengaluru,UPI
658,15-11-2024,Skechers,Sports,4460,4,10,16056,Male,Ahmedabad,UPI
659,06-10-2024,Puma,Formal,2865,2,5,5443,Female,Surat,Wallet
660,26-10-2024,Puma,Casual,4211,5,0,21055,Male,Vadodara,Cash
661,21-09-2024,Reebok,Casual,2864,3,10,7732,Male,Ahmedabad,Cash
662,29-12-2024,Woodland,Sports,3058,1,25,2293,Female,Pune,Card
663,28-12-2024,Nike,Sports,2165,3,0,6495,Male,Ahmedabad,Cash
664,01-11-2024,Skechers,Formal,5064,2,0,10128,Male,Surat,Card
665,24-08-2024,Adidas,Formal,2297,5,20,9188,Female,Pune,Card
666,02-09-2024,Nike,Casual,5496,4,20,17587,Male,Surat,Wallet
667,19-11-2024,Nike,Sports,4461,5,0,22305,Female,Mumbai,Cash
668,26-12-2024,Reebok,Formal,6538,1,15,5557,Male,Delhi,Wallet
669,09-09-2024,Nike,Casual,4117,1,10,3705,Male,Surat,Wallet
670,29-08-2024,Reebok,Casual,5877,2,15,9990,Female,Ahmedabad,Card
671,18-09-2024,Reebok,Sports,4251,2,5,8076,Female,Vadodara,Cash
672,30-09-2024,Nike,Sports,6633,3,20,15919,Female,Surat,UPI
673,01-01-2025,Skechers,Casual,4660,3,20,11184,Male,Delhi,Card
674,26-11-2024,Skechers,Formal,3333,3,20,7999,Female,Delhi,UPI
675,26-11-2024,Bata,Sports,2261,4,10,8139,Male,Pune,Wallet
676,15-12-2024,Woodland,Formal,3077,1,5,2923,Female,Mumbai,Cash
677,25-07-2024,Reebok,Formal,2604,5,0,13020,Male,Pune,UPI
678,12-12-2024,Bata,Sports,2629,5,10,11830,Female,Vadodara,Wallet
679,12-09-2024,Skechers,Formal,2090,2,20,3344,Female,Bengaluru,Cash
680,21-07-2024,Reebok,Casual,4425,2,20,7080,Female,Delhi,UPI
681,06-09-2024,Puma,Casual,2984,1,20,2387,Male,Ahmedabad,Wallet
682,10-12-2024,Reebok,Casual,2508,5,0,12540,Female,Surat,Card
683,16-09-2024,Puma,Sports,2586,1,10,2327,Male,Vadodara,Card
684,15-09-2024,Skechers,Sports,4339,1,15,3688,Male,Surat,Wallet
685,29-12-2024,Bata,Formal,4372,2,20,6995,Male,Ahmedabad,Cash
686,28-07-2024,Puma,Casual,4564,2,0,9128,Male,Pune,Cash
687,31-12-2024,Skechers,Formal,3370,1,0,3370,Female,Vadodara,Card
688,15-10-2024,Puma,Formal,4924,1,0,4924,Male,Delhi,Wallet
689,23-08-2024,Bata,Casual,5408,1,20,4326,Female,Vadodara,UPI
690,01-11-2024,Bata,Formal,2417,1,15,2054,Female,Vadodara,Wallet
691,14-09-2024,Woodland,Formal,3281,2,10,5905,Male,Rajkot,Wallet
692,06-08-2024,Bata,Casual,2571,1,0,2571,Female,Mumbai,Wallet
693,09-01-2025,Woodland,Sports,2219,3,15,5658,Male,Ahmedabad,Card
694,17-07-2024,Woodland,Casual,3593,5,25,13473,Male,Rajkot,Cash
695,22-12-2024,Puma,Casual,6610,2,25,9915,Male,Rajkot,Wallet
696,02-10-2024,Nike,Casual,4772,2,0,9544,Female,Bengaluru,Wallet
697,23-09-2024,Adidas,Formal,4328,5,0,21640,Female,Delhi,UPI
698,04-11-2024,Bata,Sports,6776,3,10,18295,Male,Pune,Wallet
699,11-08-2024,Adidas,Sports,6085,3,0,18255,Male,Vadodara,Card
700,03-10-2024,Reebok,Sports,3977,4,5,15112,Male,Bengaluru,Card
701,24-08-2024,Nike,Casual,2427,1,15,2062,Female,Vadodara,Cash
702,15-12-2024,Puma,Casual,3760,2,25,5640,Female,Delhi,Cash
703,16-10-2024,Adidas,Formal,5985,1,25,4488,Male,Rajkot,Card
704,11-09-2024,Reebok,Sports,3052,3,0,9156,Male,Vadodara,Cash
705,20-07-2024,Puma,Sports,4212,3,5,12004,Male,Mumbai,Cash
706,30-12-2024,Woodland,Sports,4575,1,20,3660,Female,Delhi,Wallet
707,16-09-2024,Woodland,Formal,2367,2,0,4734,Female,Rajkot,UPI
708,26-12-2024,Reebok,Sports,3090,3,5,8806,Male,Ahmedabad,Cash
709,26-10-2024,Adidas,Formal,4798,1,15,4078,Female,Bengaluru,Cash
710,30-12-2024,Adidas,Sports,5853,5,15,24875,Male,Vadodara,Wallet
711,03-12-2024,Skechers,Sports,4503,3,20,10807,Female,Pune,Cash
712,24-12-2024,Reebok,Casual,4557,4,0,18228,Female,Rajkot,Card
713,21-10-2024,Skechers,Casual,5969,3,0,17907,Male,Vadodara,Wallet
714,09-01-2025,Woodland,Formal,5012,4,15,17040,Female,Ahmedabad,Wallet
715,01-10-2024,Puma,Casual,4230,5,10,19035,Female,Pune,UPI
716,12-10-2024,Skechers,Formal,3576,3,10,9655,Male,Vadodara,UPI
717,24-12-2024,Reebok,Sports,6473,4,0,25892,Male,Rajkot,Card
718,27-08-2024,Adidas,Casual,5707,1,25,4280,Male,Surat,Cash
719,22-10-2024,Woodland,Casual,4019,4,0,16076,Female,Mumbai,Cash
720,17-09-2024,Adidas,Casual,2216,2,5,4210,Female,Ahmedabad,Wallet
721,11-11-2024,Skechers,Formal,5262,5,0,26310,Male,Surat,UPI
722,18-11-2024,Bata,Casual,6161,3,20,14786,Male,Rajkot,Cash
723,26-12-2024,Reebok,Formal,2950,4,0,11800,Female,Ahmedabad,UPI
724,25-07-2024,Woodland,Casual,6643,1,25,4982,Male,Rajkot,UPI
725,30-12-2024,Skechers,Casual,5101,1,0,5101,Female,Pune,Cash
726,11-08-2024,Nike,Formal,6051,1,0,6051,Male,Rajkot,Wallet
727,10-10-2024,Bata,Sports,2508,5,0,12540,Male,Mumbai,UPI
728,18-07-2024,Puma,Sports,6548,1,20,5238,Female,Rajkot,Card
729,16-11-2024,Bata,Casual,4419,2,0,8838,Female,Surat,UPI
730,05-11-2024,Nike,Formal,6043,3,20,14503,Male,Delhi,Wallet
731,13-10-2024,Nike,Formal,6437,4,10,23173,Female,Mumbai,Card
732,14-09-2024,Adidas,Casual,5900,3,25,13275,Female,Bengaluru,UPI
733,10-10-2024,Puma,Formal,2838,4,15,9649,Male,Rajkot,Card
734,03-12-2024,Adidas,Sports,3139,1,20,2511,Female,Surat,Cash
735,16-09-2024,Skechers,Sports,3491,4,5,13265,Male,Mumbai,UPI
736,23-11-2024,Puma,Formal,5607,3,0,16821,Male,Vadodara,Cash
737,24-10-2024,Reebok,Formal,5143,2,0,10286,Female,Mumbai,Card
738,07-11-2024,Reebok,Casual,5591,5,0,27955,Female,Vadodara,Wallet
739,02-10-2024,Skechers,Formal,2182,5,0,10910,Female,Bengaluru,UPI
740,04-10-2024,Skechers,Formal,6456,5,10,29052,Male,Bengaluru,Cash
741,25-09-2024,Adidas,Casual,2082,4,20,6662,Male,Vadodara,Card
742,31-08-2024,Bata,Sports,6380,3,5,18183,Female,Pune,Cash
743,27-08-2024,Skechers,Formal,6908,4,0,27632,Male,Pune,Card
744,11-10-2024,Reebok,Sports,4148,4,25,12444,Female,Bengaluru,UPI
745,26-10-2024,Skechers,Casual,3572,4,25,10716,Male,Pune,Wallet
746,21-08-2024,Adidas,Formal,4350,2,10,7830,Male,Mumbai,Cash
747,19-12-2024,Skechers,Casual,4528,2,10,8150,Female,Rajkot,UPI
748,27-08-2024,Puma,Formal,5457,3,10,14733,Female,Rajkot,Wallet
749,14-12-2024,Woodland,Casual,6860,4,15,23324,Male,Mumbai,Cash
750,17-08-2024,Puma,Casual,2666,4,5,10130,Male,Rajkot,UPI
751,21-09-2024,Bata,Casual,6580,3,5,18753,Female,Surat,Wallet
752,19-11-2024,Adidas,Sports,2893,1,0,2893,Male,Ahmedabad,UPI
753,01-12-2024,Puma,Sports,2181,5,15,9269,Female,Mumbai,Card
754,12-10-2024,Woodland,Casual,2993,5,5,14216,Male,Rajkot,UPI
755,25-10-2024,Skechers,Casual,3717,4,0,14868,Male,Surat,Card
756,13-08-2024,Bata,Sports,6841,3,5,19496,Female,Bengaluru,Wallet
757,20-08-2024,Nike,Formal,2639,5,5,12535,Male,Vadodara,Wallet
758,25-12-2024,Nike,Formal,5854,1,5,5561,Male,Delhi,UPI
759,04-12-2024,Puma,Formal,4495,5,0,22475,Female,Pune,Cash
760,01-08-2024,Adidas,Sports,4607,2,20,7371,Male,Delhi,Cash
761,29-10-2024,Adidas,Formal,4937,5,25,18513,Male,Surat,Card
762,16-09-2024,Puma,Formal,5789,2,0,11578,Female,Rajkot,UPI
763,06-12-2024,Reebok,Casual,4120,1,15,3502,Male,Ahmedabad,Cash
764,10-01-2025,Adidas,Formal,3295,3,25,7413,Male,Mumbai,Cash
765,12-11-2024,Reebok,Casual,4416,3,15,11260,Male,Pune,Card
766,01-10-2024,Woodland,Sports,5690,4,20,18208,Male,Bengaluru,UPI
767,04-01-2025,Woodland,Casual,4393,1,20,3514,Female,Vadodara,Wallet
768,26-11-2024,Skechers,Formal,6030,2,10,10854,Female,Ahmedabad,Cash
769,25-08-2024,Skechers,Casual,2461,3,0,7383,Male,Surat,Cash
770,29-12-2024,Bata,Formal,4488,4,20,14361,Male,Bengaluru,Card
771,17-10-2024,Adidas,Formal,6365,4,0,25460,Female,Mumbai,Card
772,21-08-2024,Woodland,Sports,3924,3,5,11183,Male,Bengaluru,Cash
773,01-08-2024,Skechers,Sports,4416,4,15,15014,Male,Mumbai,Wallet
774,30-09-2024,Reebok,Sports,4015,4,10,14454,Male,Rajkot,Cash
775,23-08-2024,Skechers,Sports,2744,2,15,4664,Male,Pune,UPI
776,06-08-2024,Puma,Casual,2483,5,20,9932,Female,Delhi,UPI
777,02-11-2024,Nike,Sports,4528,5,5,21508,Male,Mumbai,Card
778,02-01-2025,Puma,Casual,5853,1,15,4975,Male,Vadodara,Wallet
779,10-08-2024,Skechers,Formal,4300,4,0,17200,Female,Vadodara,UPI
780,31-07-2024,Woodland,Formal,4861,5,5,23089,Female,Mumbai,Cash
781,21-10-2024,Nike,Sports,4472,5,15,19006,Female,Vadodara,UPI
782,04-10-2024,Puma,Casual,5583,1,10,5024,Female,Ahmedabad,UPI
783,09-11-2024,Adidas,Sports,3709,5,25,13908,Male,Rajkot,Cash
784,01-09-2024,Bata,Formal,3096,3,10,8359,Female,Ahmedabad,UPI
785,10-10-2024,Woodland,Formal,6519,4,0,26076,Male,Ahmedabad,Card
786,22-09-2024,Puma,Casual,2166,3,25,4873,Female,Mumbai,UPI
787,23-09-2024,Skechers,Formal,2753,1,25,2064,Female,Vadodara,Wallet
788,19-11-2024,Woodland,Casual,4864,5,10,21888,Male,Delhi,Cash
789,15-08-2024,Puma,Casual,4005,5,5,19023,Female,Vadodara,Cash
790,03-12-2024,Skechers,Formal,4493,4,10,16174,Male,Delhi,Card
791,29-09-2024,Reebok,Formal,2649,5,0,13245,Female,Delhi,Cash
792,06-09-2024,Woodland,Casual,4221,2,10,7597,Male,Rajkot,Card
793,11-09-2024,Adidas,Formal,4279,1,20,3423,Male,Vadodara,UPI
794,31-10-2024,Puma,Sports,4193,4,10,15094,Male,Vadodara,Cash
795,30-08-2024,Adidas,Formal,2035,3,5,5799,Female,Surat,Cash
796,26-12-2024,Adidas,Formal,6239,2,25,9358,Male,Surat,Wallet
797,07-10-2024,Adidas,Casual,2921,1,20,2336,Female,Mumbai,Cash
798,09-10-2024,Nike,Sports,3181,3,15,8111,Female,Delhi,Wallet
799,18-12-2024,Adidas,Sports,3187,5,5,15138,Male,Delhi,Card
800,13-08-2024,Bata,Casual,4808,1,15,4086,Female,Mumbai,Cash
801,01-10-2024,Nike,Sports,3678,5,25,13792,Male,Bengaluru,Cash
802,16-07-2024,Bata,Formal,2084,5,25,7815,Female,Delhi,Cash
803,21-08-2024,Bata,Formal,5677,1,10,5109,Male,Vadodara,Cash
804,03-08-2024,Woodland,Casual,3650,3,10,9855,Male,Pune,Wallet
805,10-08-2024,Skechers,Formal,3957,2,20,6331,Female,Mumbai,Cash
806,07-08-2024,Puma,Sports,5237,4,0,20948,Female,Vadodara,UPI
807,31-10-2024,Nike,Casual,5619,1,10,5057,Male,Mumbai,Card
808,16-08-2024,Adidas,Sports,6455,5,25,24206,Male,Mumbai,Wallet
809,30-10-2024,Skechers,Casual,5483,2,0,10966,Male,Pune,UPI
810,02-09-2024,Adidas,Formal,6247,2,5,11869,Male,Surat,UPI
811,03-08-2024,Bata,Casual,2768,3,0,8304,Male,Rajkot,Card
812,30-07-2024,Woodland,Sports,5921,5,25,22203,Male,Mumbai,Card
813,14-08-2024,Puma,Formal,6681,4,5,25387,Male,Vadodara,Cash
814,23-10-2024,Nike,Sports,4959,2,20,7934,Female,Bengaluru,UPI
815,12-12-2024,Skechers,Casual,6837,4,15,23245,Male,Vadodara,Cash
816,30-09-2024,Nike,Formal,6993,3,25,15734,Female,Surat,Card
817,24-12-2024,Bata,Sports,4351,5,5,20667,Male,Ahmedabad,Cash
818,12-09-2024,Skechers,Sports,2742,4,5,10419,Female,Pune,Card
819,09-08-2024,Nike,Sports,5433,1,20,4346,Male,Ahmedabad,Cash
820,10-09-2024,Adidas,Formal,3654,1,5,3471,Male,Vadodara,UPI
821,21-09-2024,Bata,Casual,2854,3,15,7277,Female,Mumbai,Wallet
822,01-10-2024,Nike,Formal,6685,5,5,31753,Female,Pune,UPI
823,18-07-2024,Nike,Sports,4168,1,15,3542,Female,Rajkot,UPI
824,11-11-2024,Bata,Casual,4993,4,25,14979,Male,Ahmedabad,Cash
825,31-07-2024,Nike,Formal,5560,4,5,21128,Female,Vadodara,Wallet
826,13-08-2024,Woodland,Sports,2252,4,10,8107,Male,Surat,Cash
827,13-11-2024,Bata,Casual,4291,3,25,9654,Male,Surat,UPI
828,03-11-2024,Puma,Sports,6285,3,25,14141,Male,Vadodara,Wallet
829,31-07-2024,Puma,Sports,3884,5,0,19420,Female,Surat,Wallet
830,13-10-2024,Nike,Formal,3984,3,25,8964,Male,Rajkot,Cash
831,02-09-2024,Nike,Sports,2415,1,5,2294,Female,Mumbai,Card
832,19-11-2024,Bata,Formal,6906,5,20,27624,Female,Vadodara,UPI
833,13-10-2024,Bata,Sports,3294,1,10,2964,Male,Mumbai,UPI
834,18-08-2024,Puma,Casual,5083,1,10,4574,Male,Delhi,UPI
835,29-10-2024,Nike,Formal,3711,2,10,6679,Female,Delhi,Wallet
836,08-08-2024,Reebok,Sports,6116,4,15,20794,Female,Surat,Cash
837,25-10-2024,Reebok,Formal,6004,4,0,24016,Female,Mumbai,Card
838,04-08-2024,Woodland,Sports,3897,2,10,7014,Female,Mumbai,UPI
839,08-12-2024,Adidas,Sports,6874,1,5,6530,Male,Vadodara,Cash
840,25-11-2024,Bata,Formal,2499,3,15,6372,Male,Ahmedabad,Wallet
841,12-09-2024,Nike,Sports,5002,4,5,19007,Male,Vadodara,UPI
842,02-01-2025,Nike,Sports,6752,4,10,24307,Female,Delhi,Cash
843,24-11-2024,Woodland,Sports,2264,1,10,2037,Female,Ahmedabad,Wallet
844,06-09-2024,Woodland,Casual,5949,5,20,23796,Male,Pune,Cash
845,23-10-2024,Puma,Formal,6115,1,25,4586,Male,Surat,Cash
846,08-12-2024,Bata,Formal,3722,4,10,13399,Female,Rajkot,Cash
847,23-12-2024,Bata,Sports,6707,2,0,13414,Female,Rajkot,UPI
848,14-08-2024,Skechers,Sports,4548,3,0,13644,Female,Bengaluru,Wallet
849,12-12-2024,Adidas,Casual,6376,2,5,12114,Male,Rajkot,Cash
850,28-07-2024,Reebok,Casual,5167,5,25,19376,Female,Rajkot,UPI
851,08-08-2024,Reebok,Sports,4796,4,25,14388,Male,Delhi,Cash
852,26-12-2024,Reebok,Sports,6849,2,20,10958,Male,Surat,UPI
853,19-11-2024,Skechers,Formal,3376,1,5,3207,Male,Delhi,UPI
854,15-09-2024,Reebok,Sports,4167,4,10,15001,Female,Pune,Wallet
855,23-12-2024,Bata,Sports,6173,1,25,4629,Male,Delhi,UPI
856,10-09-2024,Skechers,Sports,6214,5,25,23302,Male,Rajkot,Wallet
857,14-11-2024,Skechers,Sports,5026,5,0,25130,Male,Vadodara,Cash
858,28-09-2024,Woodland,Casual,2560,1,5,2432,Female,Vadodara,Cash
859,24-08-2024,Bata,Casual,5924,2,20,9478,Male,Rajkot,Card
860,10-08-2024,Skechers,Casual,5741,3,25,12917,Female,Delhi,UPI
861,30-08-2024,Nike,Casual,4522,1,15,3843,Male,Delhi,UPI
862,26-10-2024,Puma,Sports,5117,3,0,15351,Male,Pune,Wallet
863,26-07-2024,Reebok,Formal,3419,4,5,12992,Male,Rajkot,Cash
864,22-08-2024,Reebok,Formal,3595,4,20,11504,Female,Mumbai,UPI
865,23-12-2024,Nike,Casual,6683,5,25,25061,Female,Mumbai,UPI
866,23-07-2024,Woodland,Sports,4178,1,5,3969,Female,Vadodara,UPI
867,07-11-2024,Woodland,Casual,6999,2,5,13298,Female,Surat,Card
868,27-11-2024,Puma,Formal,2900,3,15,7395,Male,Bengaluru,Wallet
869,14-12-2024,Bata,Formal,5037,3,10,13599,Male,Mumbai,Wallet
870,07-08-2024,Nike,Sports,6637,5,0,33185,Female,Ahmedabad,UPI
871,01-10-2024,Puma,Formal,3056,5,0,15280,Male,Surat,UPI
872,05-09-2024,Skechers,Sports,2981,4,20,9539,Male,Bengaluru,Cash
873,06-09-2024,Puma,Casual,3776,1,25,2832,Male,Delhi,Wallet
874,27-11-2024,Adidas,Sports,2252,3,5,6418,Female,Surat,UPI
875,28-09-2024,Woodland,Casual,2893,5,20,11572,Female,Pune,Cash
876,03-09-2024,Adidas,Formal,3596,3,0,10788,Male,Surat,Cash
877,15-10-2024,Nike,Sports,4414,2,0,8828,Female,Delhi,UPI
878,30-07-2024,Puma,Casual,5871,1,10,5283,Female,Surat,Cash
879,06-09-2024,Bata,Casual,4844,3,25,10899,Female,Rajkot,UPI
880,16-07-2024,Adidas,Sports,2902,5,10,13059,Female,Bengaluru,Card
881,01-12-2024,Puma,Casual,6893,5,10,31018,Female,Surat,Wallet
882,05-12-2024,Woodland,Sports,6790,4,20,21728,Male,Surat,Cash
883,23-08-2024,Reebok,Casual,2207,4,25,6621,Male,Ahmedabad,Card
884,27-12-2024,Reebok,Casual,2004,3,10,5410,Male,Rajkot,UPI
885,16-09-2024,Woodland,Casual,3153,5,15,13400,Male,Rajkot,Card
886,21-07-2024,Skechers,Formal,6740,1,0,6740,Female,Bengaluru,UPI
887,07-11-2024,Bata,Casual,3567,2,25,5350,Male,Mumbai,Wallet
888,24-11-2024,Adidas,Formal,3659,2,20,5854,Female,Vadodara,UPI
889,19-07-2024,Adidas,Casual,4178,3,10,11280,Male,Vadodara,Card
890,07-01-2025,Nike,Formal,2306,1,15,1960,Male,Bengaluru,UPI
891,23-12-2024,Puma,Formal,3079,3,0,9237,Male,Bengaluru,UPI
892,24-07-2024,Skechers,Formal,3442,2,25,5163,Female,Surat,Cash
893,27-11-2024,Reebok,Sports,4110,2,15,6987,Male,Surat,Cash
894,11-12-2024,Nike,Formal,4737,4,5,18000,Female,Bengaluru,UPI
895,07-11-2024,Woodland,Casual,3683,3,5,10496,Male,Bengaluru,Wallet
896,12-09-2024,Skechers,Sports,5291,4,15,17989,Female,Vadodara,UPI
897,11-10-2024,Reebok,Formal,2114,4,0,8456,Male,Ahmedabad,UPI
898,19-09-2024,Adidas,Casual,4222,4,20,13510,Female,Mumbai,Cash
899,02-09-2024,Adidas,Formal,4283,3,25,9636,Female,Mumbai,Wallet
900,31-08-2024,Puma,Formal,6134,5,25,23002,Male,Pune,UPI
901,20-09-2024,Reebok,Casual,4793,3,20,11503,Male,Delhi,Wallet
902,11-12-2024,Adidas,Casual,6140,3,25,13815,Male,Delhi,Card
903,12-12-2024,Puma,Casual,2115,4,15,7191,Female,Rajkot,Wallet
904,25-09-2024,Bata,Casual,3280,5,15,13940,Female,Ahmedabad,UPI
905,15-07-2024,Skechers,Casual,4861,3,20,11666,Male,Ahmedabad,Wallet
906,25-10-2024,Woodland,Formal,3829,3,25,8615,Male,Surat,Cash
907,19-11-2024,Bata,Sports,6002,4,25,18006,Male,Surat,Cash
908,25-12-2024,Bata,Sports,4757,1,20,3805,Female,Mumbai,UPI
909,18-11-2024,Woodland,Casual,6761,3,15,17240,Male,Vadodara,Cash
910,01-12-2024,Reebok,Sports,3256,1,5,3093,Male,Bengaluru,Cash
911,11-10-2024,Reebok,Casual,4139,5,20,16556,Male,Delhi,Card
912,06-08-2024,Puma,Formal,6611,5,15,28096,Male,Pune,UPI
913,20-08-2024,Nike,Formal,4254,3,5,12123,Male,Surat,Wallet
914,07-10-2024,Bata,Casual,4074,5,0,20370,Female,Delhi,UPI
915,04-12-2024,Adidas,Formal,2990,2,10,5382,Female,Ahmedabad,Cash
916,06-11-2024,Bata,Sports,6106,4,15,20760,Female,Ahmedabad,Card
917,30-10-2024,Nike,Casual,3608,5,25,13530,Male,Pune,Cash
918,28-11-2024,Skechers,Casual,3859,5,25,14471,Male,Surat,UPI
919,16-10-2024,Puma,Sports,4585,3,20,11004,Female,Delhi,Cash
920,09-11-2024,Adidas,Sports,2982,3,25,6709,Female,Mumbai,UPI
921,23-09-2024,Woodland,Casual,2395,3,10,6466,Female,Surat,UPI
922,01-12-2024,Adidas,Formal,3577,1,5,3398,Female,Mumbai,Wallet
923,26-07-2024,Adidas,Formal,4685,1,20,3748,Female,Pune,UPI
924,22-08-2024,Skechers,Casual,3974,1,0,3974,Male,Vadodara,Card
925,31-12-2024,Puma,Formal,6984,4,25,20952,Female,Rajkot,Wallet
926,09-12-2024,Nike,Sports,3311,2,5,6290,Female,Bengaluru,Cash
927,25-09-2024,Woodland,Formal,4210,2,0,8420,Male,Rajkot,Cash
928,09-09-2024,Nike,Formal,2542,3,25,5719,Female,Delhi,UPI
929,30-08-2024,Adidas,Sports,2440,2,10,4392,Female,Ahmedabad,Cash
930,30-09-2024,Bata,Casual,2069,3,20,4965,Male,Surat,UPI
931,02-11-2024,Adidas,Formal,4443,1,20,3554,Male,Mumbai,UPI
932,19-10-2024,Adidas,Casual,5507,2,0,11014,Female,Surat,Wallet
933,27-10-2024,Nike,Casual,6472,2,15,11002,Female,Vadodara,UPI
934,23-08-2024,Skechers,Casual,2921,5,5,13874,Female,Delhi,UPI
935,17-11-2024,Woodland,Sports,4738,4,0,18952,Female,Mumbai,UPI
936,14-09-2024,Puma,Sports,5469,1,5,5195,Female,Bengaluru,Wallet
937,06-11-2024,Woodland,Formal,2935,3,20,7044,Male,Mumbai,Cash
938,16-12-2024,Woodland,Formal,4675,5,20,18700,Female,Bengaluru,Card
939,25-09-2024,Adidas,Casual,3859,3,25,8682,Male,Surat,Cash
940,04-08-2024,Adidas,Casual,2859,1,5,2716,Male,Pune,UPI
941,17-11-2024,Bata,Formal,4884,5,25,18315,Female,Pune,Wallet
942,23-09-2024,Bata,Formal,4311,1,10,3879,Male,Vadodara,Cash
943,13-12-2024,Skechers,Sports,5643,3,0,16929,Female,Delhi,Cash
944,17-08-2024,Reebok,Casual,3334,5,10,15003,Female,Delhi,UPI
945,07-11-2024,Reebok,Casual,6584,4,10,23702,Female,Pune,Card
946,07-09-2024,Skechers,Casual,6204,2,5,11787,Male,Bengaluru,Cash
947,13-12-2024,Reebok,Formal,6326,2,15,10754,Female,Rajkot,UPI
948,07-01-2025,Skechers,Casual,3332,2,20,5331,Female,Surat,Cash
949,15-10-2024,Bata,Formal,5757,5,0,28785,Female,Rajkot,Wallet
950,11-10-2024,Woodland,Sports,2964,3,0,8892,Male,Ahmedabad,Wallet
951,17-10-2024,Adidas,Formal,5526,1,0,5526,Male,Mumbai,UPI
952,08-12-2024,Woodland,Formal,6557,3,20,15736,Female,Delhi,UPI
953,09-11-2024,Bata,Sports,5224,4,20,16716,Female,Ahmedabad,Cash
954,23-12-2024,Puma,Sports,2469,2,5,4691,Female,Surat,Wallet
955,08-09-2024,Reebok,Casual,3696,2,10,6652,Female,Surat,Wallet
956,23-07-2024,Reebok,Sports,6969,2,10,12544,Female,Vadodara,UPI
957,06-01-2025,Reebok,Sports,3994,4,0,15976,Female,Ahmedabad,Card
958,14-12-2024,Bata,Formal,4101,5,25,15378,Male,Vadodara,UPI
959,01-10-2024,Puma,Casual,4779,2,0,9558,Male,Ahmedabad,UPI
960,14-12-2024,Reebok,Casual,3388,2,0,6776,Female,Pune,Wallet
961,04-10-2024,Adidas,Sports,6014,1,20,4811,Female,Pune,Card
962,20-07-2024,Skechers,Casual,2236,3,0,6708,Male,Surat,UPI
963,20-08-2024,Bata,Casual,6800,1,0,6800,Female,Delhi,Cash
964,27-09-2024,Puma,Casual,6974,2,20,11158,Female,Rajkot,Card
965,03-01-2025,Nike,Casual,6314,3,25,14206,Male,Vadodara,UPI
966,26-09-2024,Adidas,Sports,6733,1,20,5386,Female,Rajkot,Wallet
967,23-07-2024,Woodland,Casual,4300,5,0,21500,Male,Surat,UPI
968,08-10-2024,Woodland,Sports,6819,4,0,27276,Female,Surat,Cash
969,19-07-2024,Puma,Formal,3257,2,25,4885,Female,Delhi,Cash
970,24-12-2024,Woodland,Formal,5946,1,5,5648,Female,Vadodara,Cash
971,21-08-2024,Skechers,Formal,2106,5,25,7897,Female,Bengaluru,Cash
972,09-11-2024,Bata,Casual,6979,5,0,34895,Female,Rajkot,Card
973,03-11-2024,Reebok,Sports,2867,3,20,6880,Male,Pune,UPI
974,13-09-2024,Skechers,Sports,4533,3,5,12919,Male,Pune,Wallet
975,27-09-2024,Bata,Formal,4010,3,10,10827,Female,Pune,Cash
976,08-01-2025,Puma,Formal,3899,5,5,18520,Female,Rajkot,UPI
977,17-12-2024,Reebok,Formal,4823,5,10,21703,Male,Pune,Wallet
978,14-08-2024,Reebok,Casual,6487,1,25,4865,Female,Surat,Card
979,24-09-2024,Nike,Sports,4468,4,20,14297,Female,Vadodara,Card
980,22-11-2024,Nike,Formal,3498,2,20,5596,Female,Rajkot,Card
981,16-08-2024,Woodland,Formal,4837,1,0,4837,Male,Rajkot,UPI
982,19-10-2024,Puma,Casual,3994,5,20,15976,Female,Ahmedabad,Wallet
983,19-12-2024,Adidas,Casual,2460,1,20,1968,Female,Pune,Wallet
984,31-08-2024,Adidas,Formal,6934,5,10,31203,Male,Pune,Wallet
985,04-01-2025,Woodland,Sports,6499,2,10,11698,Male,Pune,Wallet
986,09-12-2024,Reebok,Sports,3652,2,20,5843,Female,Ahmedabad,Card
987,01-12-2024,Reebok,Formal,6064,1,15,5154,Female,Ahmedabad,Card
988,08-08-2024,Bata,Casual,3271,3,10,8831,Female,Delhi,Wallet
989,06-10-2024,Bata,Casual,3651,5,10,16429,Male,Pune,Card
990,09-10-2024,Woodland,Casual,3022,3,10,8159,Male,Surat,Wallet
991,12-11-2024,Woodland,Formal,5895,5,10,26527,Male,Rajkot,Wallet
992,09-12-2024,Bata,Formal,2599,3,25,5847,Female,Vadodara,UPI
993,20-09-2024,Adidas,Formal,3649,2,0,7298,Male,Delhi,Wallet
994,19-11-2024,Skechers,Formal,2589,2,25,3883,Female,Delhi,Card
995,11-11-2024,Reebok,Casual,4410,3,0,13230,Male,Mumbai,Cash
996,08-10-2024,Reebok,Casual,5082,2,5,9655,Female,Bengaluru,Wallet
997,08-11-2024,Woodland,Sports,6663,2,20,10660,Male,Mumbai,Wallet
998,30-08-2024,Woodland,Casual,6726,5,5,31948,Male,Pune,Cash
999,27-12-2024,Puma,Formal,2867,2,0,5734,Female,Bengaluru,Cash
1000,22-08-2024,Puma,Sports,5273,3,15,13446,Male,Mumbai,Cash
